{
  "audio_file": "debug_wav_files/test_VAD.wav",
  "sample_rate": 16000,
  "frame_duration_ms": 20,
  "results": {
    "RMS-Very-Tolerant": {
      "speech_ratio": 0.3238095238095238,
      "total_frames": 105,
      "execution_time": 0.0009992122650146484,
      "speech_segments": [
        [
          5,
          13
        ],
        [
          16,
          23
        ],
        [
          28,
          32
        ],
        [
          37,
          40
        ],
        [
          46,
          51
        ],
        [
          56,
          61
        ],
        [
          66,
          68
        ]
      ]
    },
    "RMS-Tolerant": {
      "speech_ratio": 0.4857142857142857,
      "total_frames": 105,
      "execution_time": 0.0,
      "speech_segments": [
        [
          4,
          14
        ],
        [
          16,
          23
        ],
        [
          28,
          33
        ],
        [
          36,
          40
        ],
        [
          45,
          51
        ],
        [
          55,
          62
        ],
        [
          66,
          69
        ],
        [
          76,
          82
        ],
        [
          87,
          89
        ],
        [
          93,
          94
        ]
      ]
    },
    "RMS": {
      "speech_ratio": 0.6571428571428571,
      "total_frames": 105,
      "execution_time": 0.0009999275207519531,
      "speech_segments": [
        [
          4,
          14
        ],
        [
          16,
          24
        ],
        [
          28,
          33
        ],
        [
          36,
          41
        ],
        [
          42,
          43
        ],
        [
          45,
          51
        ],
        [
          54,
          62
        ],
        [
          65,
          83
        ],
        [
          86,
          92
        ],
        [
          93,
          95
        ]
      ]
    },
    "RMS-Aggressive": {
      "speech_ratio": 0.8666666666666667,
      "total_frames": 105,
      "execution_time": 0.0,
      "speech_segments": [
        [
          2,
          26
        ],
        [
          27,
          34
        ],
        [
          35,
          44
        ],
        [
          45,
          52
        ],
        [
          53,
          96
        ],
        [
          100,
          101
        ]
      ]
    },
    "RMS-Very-Aggressive": {
      "speech_ratio": 0.9809523809523809,
      "total_frames": 105,
      "execution_time": 0.0009999275207519531,
      "speech_segments": [
        [
          2,
          105
        ]
      ]
    },
    "Energy": {
      "speech_ratio": 0.9238095238095239,
      "total_frames": 105,
      "execution_time": 0.0,
      "speech_segments": [
        [
          2,
          96
        ],
        [
          100,
          101
        ],
        [
          102,
          104
        ]
      ]
    },
    "Zero-Crossing": {
      "speech_ratio": 0.22857142857142856,
      "total_frames": 105,
      "execution_time": 0.0,
      "speech_segments": [
        [
          2,
          4
        ],
        [
          6,
          14
        ],
        [
          15,
          16
        ],
        [
          21,
          22
        ],
        [
          30,
          31
        ],
        [
          34,
          36
        ],
        [
          39,
          42
        ],
        [
          44,
          45
        ],
        [
          46,
          50
        ],
        [
          75,
          76
        ]
      ]
    },
    "Spectral Centroid": {
      "speech_ratio": 0.0761904761904762,
      "total_frames": 105,
      "execution_time": 0.002001523971557617,
      "speech_segments": [
        [
          2,
          4
        ],
        [
          15,
          16
        ],
        [
          33,
          36
        ],
        [
          41,
          42
        ],
        [
          44,
          45
        ]
      ]
    },
    "Adaptive Threshold": {
      "speech_ratio": 0.38095238095238093,
      "total_frames": 105,
      "execution_time": 0.002508878707885742,
      "speech_segments": [
        [
          5,
          8
        ],
        [
          10,
          13
        ],
        [
          17,
          20
        ],
        [
          21,
          23
        ],
        [
          28,
          32
        ],
        [
          37,
          40
        ],
        [
          46,
          50
        ],
        [
          56,
          61
        ],
        [
          66,
          68
        ],
        [
          77,
          78
        ],
        [
          79,
          82
        ],
        [
          87,
          91
        ],
        [
          93,
          95
        ],
        [
          100,
          101
        ]
      ]
    },
    "WebRTC-Very-Tolerant": {
      "speech_ratio": 0.9714285714285714,
      "total_frames": 105,
      "execution_time": 0.0,
      "speech_segments": [
        [
          0,
          102
        ]
      ]
    },
    "WebRTC-Tolerant": {
      "speech_ratio": 0.9714285714285714,
      "total_frames": 105,
      "execution_time": 0.00099945068359375,
      "speech_segments": [
        [
          0,
          102
        ]
      ]
    },
    "WebRTC": {
      "speech_ratio": 0.9142857142857143,
      "total_frames": 105,
      "execution_time": 0.0,
      "speech_segments": [
        [
          2,
          98
        ]
      ]
    },
    "WebRTC-Aggressive": {
      "speech_ratio": 0.8761904761904762,
      "total_frames": 105,
      "execution_time": 0.0,
      "speech_segments": [
        [
          4,
          44
        ],
        [
          45,
          97
        ]
      ]
    }
  }
}